{"qb_LO": 4200000000.0, "qb_freq": 3879000000.0, "qb_IF": 0, "qb_mixer_offsets": [0.006105446378514177, 0.027062350359559062], "qb_mixer_imbalance": [0, 0], "pi_len": 64, "pi_half_amp": 0.2, "pi_amp": 0.45, "gauss_len": 64, "gauss_amp": 0.45, "rr_LO": 6116000000.0, "rr_freq": 6474900000.0, "rr_IF": 50000000.0, "rr_mixer_offsets": [-0.0001873291015624945, 0.0118060791015625], "rr_mixer_imbalance": [0, 0], "amp_r": 0.4, "rr_atten": 0, "rr_resettime": 5e-07, "cav_resp_time": 1.5e-06, "T1": 5e-05, "T2R": 2e-05, "T2E": 3e-05, "IQ_rotation": 0.0, "analog_input_offsets": [0, 0], "readout_length": 5e-06, "integration_length": 5e-06, "rr_L0": 6114000000.0}