{"qb_LO": 3852820000.0, "qb_freq": 3897820000.0, "qb_IF": 47000000.0, "qb_mixer_offsets": [-0.007623071401566272, 0.007274625737965107], "qb_mixer_imbalance": [-0.053466999999999903, 2.9479999999999986], "pi_len": 304, "pi_half_amp": 0.3019330727860395, "pi_amp": 0.603866145572079, "gauss_len": 304, "gauss_amp": 0.45, "rr_LO": 6473899999.999993, "rr_freq": 6474900000.0, "rr_IF": 50000000.0, "rr_mixer_offsets": [-0.004215649414062505, 0.0073199951171875], "rr_mixer_imbalance": [1, 0], "amp_r": 0.4, "readout_length": 5e-06, "rr_atten": 24, "rr_resettime": 5e-07, "cav_resp_time": 7.5e-07, "T1": 5e-05, "T2R": 2e-05, "T2E": 3e-05, "IQ_rotation": 90, "analog_input_offsets": [0, 0], "qubit_reset_time": 0.0002}