{"qb_LO": 3847900000.0, "qb_freq": 3897900000.0, "qb_IF": 50000000.0, "qb_mixer_offsets": [-0.008164005438983445, 0.006732060954719782], "qb_mixer_imbalance": [-0.04349199999999985, 2.6979999999999986], "pi_len": 400, "pi_half_amp": 0.06250147358505147, "pi_amp": 0.12500294717010293, "gauss_len": 400, "gauss_amp": 0.45, "rr_LO": 6354200000.0, "rr_freq": 6354200000.0, "rr_IF": 50000000.0, "rr_mixer_offsets": [-0.004673413085937505, 0.0069080078125], "rr_mixer_imbalance": [1, 0], "amp_r": 0.4, "readout_length": 5e-06, "rr_atten": 25, "rr_resettime": 5e-07, "cav_resp_time": 3e-07, "T1": 5e-05, "T2R": 2e-05, "T2E": 3e-05, "IQ_rotation": 10, "analog_input_offsets": [0, 0], "qubit_reset_time": 0.0002}