{"qb_LO": 3900000000.0, "qb_freq": 3879000000.0, "qb_IF": 0, "qb_mixer_offsets": [-0.010057273405790334, 0.019844044846296316], "qb_mixer_imbalance": [0, 0], "pi_len": 64, "pi_half_amp": 0.2, "pi_amp": 0.45, "gauss_len": 64, "gauss_amp": 0.45, "rr_LO": 6354499999.999996, "rr_freq": 6474900000.0, "rr_IF": 50000000.0, "rr_mixer_offsets": [-0.003895214843750005, 0.0075946533203125], "rr_mixer_imbalance": [0, 0], "amp_r": 0.4, "readout_length": 5e-06, "rr_atten": 25, "rr_resettime": 5e-07, "cav_resp_time": 7.5e-07, "T1": 5e-05, "T2R": 2e-05, "T2E": 3e-05, "IQ_rotation": 0.0, "analog_input_offsets": [0, 0]}