{"qb_LO": 4749180000.0, "qb_freq": 4449180000.0, "qb_IF": -300000000.0, "qb_mixer_offsets": [-0.007390020307918379, 0.012447118290172938], "qb_mixer_imbalance": [-0.05034749999999995, 4.497499999999998], "pi_len": 512, "pi_half_amp": 0.03361198160802202, "pi_amp": 0.06722396321604404, "gauss_len": 512, "gauss_amp": 0.45, "rr_LO": 6474099999.99999, "rr_freq": 6474900000.0, "rr_IF": 50000000.0, "rr_mixer_offsets": [-0.0007106201171874992, 0.008519311523437496], "rr_mixer_imbalance": [0, 0], "amp_r": 0.45, "readout_length": 5e-06, "rr_atten": 22, "rr_resettime": 5e-07, "cav_resp_time": 5e-07, "T1": 5e-05, "T2R": 2e-05, "T2E": 3e-05, "IQ_rotation": 0.0, "analog_input_offsets": [0, 0], "qubit_reset_time": 0.00025, "n_points": 1024, "threshold": 926.7117683874561}