{"qb_LO": 3877000000.0, "qb_freq": 3927000000.0, "qb_IF": 50000000.0, "qb_mixer_offsets": [-0.008795094761252408, 0.010801297527551651], "qb_mixer_imbalance": [-0.05034749999999995, 4.497499999999998], "pi_len": 64, "pi_half_amp": 0.11842323839665085, "pi_amp": 0.2368464767933017, "gauss_len": 64, "gauss_amp": 0.45, "rr_LO": 6473199999.999995, "rr_freq": 6474900000.0, "rr_IF": 50000000.0, "rr_mixer_offsets": [-0.003345898437500005, 0.00562626953125], "rr_mixer_imbalance": [0, 0], "amp_r": 0.45, "readout_length": 5e-06, "rr_atten": 24, "rr_resettime": 5e-07, "cav_resp_time": 5e-07, "T1": 5e-05, "T2R": 2e-05, "T2E": 3e-05, "IQ_rotation": 0.0, "analog_input_offsets": [0, 0]}