{"qb_LO": 3536300000.0, "qb_freq": 3586300000.0, "qb_IF": 50000000.0, "qb_mixer_offsets": [-0.01898267780542374, -0.012890702198445802], "qb_mixer_imbalance": [-0.08253049999999995, 2.1995000000000005], "pi_len": 400, "pi_half_amp": 0.2387363459521907, "pi_amp": 0.4774726919043814, "gauss_len": 400, "gauss_amp": 0.45, "rr_LO": 6568700000.0, "rr_freq": 6568700000.0, "rr_IF": 50000000.0, "rr_mixer_offsets": [-0.002384594726562505, 0.00562626953125], "rr_mixer_imbalance": [0, 0], "amp_r": 0.45, "readout_length": 5e-06, "rr_atten": 34, "rr_resettime": 5e-07, "cav_resp_time": 1.5e-06, "T1": 5e-05, "T2R": 2e-05, "T2E": 3e-05, "IQ_rotation": 45, "analog_input_offsets": [0, 0]}