{"qb_LO": 4051000000.0, "qb_freq": 4101000000.0, "qb_IF": 48000000.0, "qb_mixer_offsets": [-0.02620443141013384, 0.03376987661123275], "qb_mixer_imbalance": [-0.043560999999999905, 5.199000000000001], "pi_len": 608, "pi_half_amp": 0.15303897883057305, "pi_amp": 0.3060779576611461, "gauss_len": 608, "gauss_amp": 0.45, "rr_LO": 6656049999.999995, "rr_freq": 6474900000.0, "rr_IF": 50000000.0, "rr_mixer_offsets": [-0.002476147460937505, 0.007548876953125], "rr_mixer_imbalance": [0, 0], "amp_r": 0.45, "readout_length": 5e-06, "rr_atten": 30, "rr_resettime": 5e-07, "cav_resp_time": 4e-07, "T1": 5e-05, "T2R": 2e-05, "T2E": 3e-05, "IQ_rotation": 0.0, "analog_input_offsets": [0, 0]}