{"qb_LO": 4051650000.0, "qb_freq": 4101650000.0, "qb_IF": 50000000.0, "qb_mixer_offsets": [-0.005109650394749136, 0.018723365157008415], "qb_mixer_imbalance": [-0.05671569985747328, 5.64002254486091], "pi_len": 544, "pi_half_amp": 0.2101859516267132, "pi_amp": 0.47, "gauss_len": 544, "gauss_amp": 0.45, "rr_LO": 6656049999.999995, "rr_freq": 6474900000.0, "rr_IF": 50000000.0, "rr_mixer_offsets": [-0.0015588425618355316, 0.009405565465591006], "rr_mixer_imbalance": [0, 0], "amp_r": 0.45, "readout_length": 5e-06, "rr_atten": 28, "rr_resettime": 5e-07, "cav_resp_time": 4e-07, "T1": 5e-05, "T2R": 2e-05, "T2E": 3e-05, "IQ_rotation": 55, "analog_input_offsets": [0, 0], "qubit_reset_time": 0.0002}