{"qb_LO": 4426117381.037735, "qb_freq": 4201117381.0377345, "qb_IF": -225000000.0, "qb_mixer_offsets": [0.0093450947612524, 0.02057917534410953], "qb_mixer_imbalance": [2.638356312782483, 38.149999999999764], "pi_len": 512, "pi_half_amp": 1.141455603913305, "pi_amp": 2.28291120782661, "gauss_len": 512, "gauss_amp": 0.45, "rr_LO": 6656049999.999998, "rr_freq": 6656000000.0, "rr_IF": 50000000.0, "rr_mixer_offsets": [-0.0001781982421874993, 0.010945458984375003], "rr_mixer_imbalance": [0, 0], "amp_r": 0.45, "readout_length": 5e-06, "rr_atten": 26, "rr_resettime": 5e-07, "cav_resp_time": 4e-07, "T1": 5e-05, "T2R": 2e-05, "T2E": 3e-05, "IQ_rotation": 68, "analog_input_offsets": [0, 0], "qubit_reset_time": 0.0004, "threshold": 55.72416662335974}