{"qb_LO": 4501116000.0, "qb_freq": 4201116000.0, "qb_IF": -300000000.0, "qb_mixer_offsets": [0.009826961904764177, 0.027761235833168023], "qb_mixer_imbalance": [6.098301063199414, 43.84999999999999], "pi_len": 1024, "pi_half_amp": 0.030018409848298375, "pi_amp": 0.06003681969659675, "gauss_len": 1024, "gauss_amp": 0.45, "rr_LO": 6656049999.999998, "rr_freq": 6656000000.0, "rr_IF": 50000000.0, "rr_mixer_offsets": [0.000823974609375, 0.010774340820312502], "rr_mixer_imbalance": [0, 0], "amp_r": 0.45, "readout_length": 5e-06, "rr_atten": 25, "rr_resettime": 5e-07, "cav_resp_time": 4e-07, "T1": 5e-05, "T2R": 2e-05, "T2E": 3e-05, "IQ_rotation": 3.1, "analog_input_offsets": [0, 0], "qubit_reset_time": 0.0002, "threshold": 926.6769362982468}