{"qb_LO": 4180562000.0, "qb_freq": 3877562000.0, "qb_IF": -303000000.0, "qb_mixer_offsets": [-0.002614512806758284, 0.02966021373867988], "qb_mixer_imbalance": [-0.03215250000000025, 13.075000000000003], "pi_len": 448, "pi_half_amp": 0.14713973557098486, "pi_amp": 0.29427947114196973, "gauss_len": 448, "gauss_amp": 700, "rr_LO": 6704624999.999997, "rr_freq": 6474900000.0, "rr_IF": 50000000.0, "rr_mixer_offsets": [-0.00045776367187499957, 0.008514404296874998], "rr_mixer_imbalance": [1, 0], "amp_r": 0.2, "rr_atten": 22, "rr_resettime": 5e-07, "cav_resp_time": 1e-06, "T1": 5e-05, "T2R": 2e-05, "T2E": 3e-05, "IQ_rotation": 65, "analog_input_offsets": [0, 0], "readout_length": 5e-06, "qubit_reset_time": 0.0004}