{"qb_LO": 3832971985.5772157, "qb_freq": 3875961985.5772157, "qb_IF": 41320000.0, "qb_mixer_offsets": [-0.004107002719491725, 0.009083175015449524], "qb_mixer_imbalance": [-0.03825649999999976, 0.5299999999999969], "pi_len": 304, "pi_half_amp": 0.20365784380170765, "pi_amp": 0.4073156876034153, "gauss_len": 304, "gauss_amp": 700, "rr_LO": 6704549999.999997, "rr_freq": 6474900000.0, "rr_IF": 50000000.0, "rr_mixer_offsets": [-0.0007121093750000057, 0.008348315429687501], "rr_mixer_imbalance": [1, 0], "amp_r": 0.2, "rr_atten": 22, "rr_resettime": 5e-07, "cav_resp_time": 7.5e-07, "T1": 5e-05, "T2R": 2e-05, "T2E": 3e-05, "IQ_rotation": 70, "analog_input_offsets": [0, 0], "readout_length": 5e-06, "qubit_reset_time": 0.0002}