{"qb_LO": 4179160000.0, "qb_freq": 3878160000.0, "qb_IF": -301000000.0, "qb_mixer_offsets": [0.003155446378514171, 0.020546183329820625], "qb_mixer_imbalance": [7.210492912375882, 42.95999999999992], "pi_len": 1024, "pi_half_amp": 0.0808466802771756, "pi_amp": 0.1616933605543512, "gauss_len": 1024, "gauss_amp": 700, "rr_LO": 6704574999.999997, "rr_freq": 6474900000.0, "rr_IF": 50000000.0, "rr_mixer_offsets": [-0.00045776367187499957, 0.008468627929687498], "rr_mixer_imbalance": [1, 0], "amp_r": 0.2, "rr_atten": 26, "rr_resettime": 5e-07, "cav_resp_time": 1e-06, "T1": 5e-05, "T2R": 2e-05, "T2E": 3e-05, "IQ_rotation": 3, "analog_input_offsets": [0, 0], "readout_length": 5e-06, "qubit_reset_time": 0.00021, "qu_IF": -100000000.0, "threshold": 909.0154395583814}