{"qb_LO": 4179064100.0, "qb_freq": 3878064100.0, "qb_IF": -301000000.0, "qb_mixer_offsets": [0.002975135110318661, 0.02041746455729007], "qb_mixer_imbalance": [7.12224480687094, 43.059999999999846], "pi_len": 1024, "pi_half_amp": 0.08969543596404081, "pi_amp": 0.17939087192808162, "gauss_len": 1024, "gauss_amp": 700, "rr_LO": 6704574999.999997, "rr_freq": 6474900000.0, "rr_IF": 50000000.0, "rr_mixer_offsets": [0.0021972656250000004, 0.009338378906250002], "rr_mixer_imbalance": [1, 0], "amp_r": 0.2, "rr_atten": 24, "rr_resettime": 5e-07, "cav_resp_time": 1e-06, "T1": 5e-05, "T2R": 2e-05, "T2E": 3e-05, "IQ_rotation": 3.1, "analog_input_offsets": [0, 0], "readout_length": 5e-06, "qubit_reset_time": 0.0004, "qu_IF": -100000000.0, "threshold": 901.735014606521}