{"qb_LO": 3829000000.0, "qb_freq": 3879000000.0, "qb_IF": 50000000.0, "qb_mixer_offsets": [-0.004950270220637317, 0.00895232055336237], "qb_mixer_imbalance": [0.030960000000000064, 8.099999999999998], "pi_len": 288, "pi_half_amp": 0.24801040625053647, "pi_amp": 0.495, "gauss_len": 288, "gauss_amp": 700, "rr_LO": 6704340000.0, "rr_freq": 6474900000.0, "rr_IF": 0, "rr_mixer_offsets": [-0.002096557756885886, 0.006202698219567537], "rr_mixer_imbalance": [0, 0], "amp_r": 0.45, "rr_atten": 10, "rr_resettime": 5e-07, "cav_resp_time": 5e-07, "T1": 5e-05, "T2R": 2e-05, "T2E": 3e-05, "IQ_rotation": 0.0, "analog_input_offsets": [0, 0]}