{"qb_LO": 4179044000.0, "qb_freq": 3878044000.0, "qb_IF": -301000000.0, "qb_mixer_offsets": [0.003155446378514171, 0.020527036860585206], "qb_mixer_imbalance": [7.209535786205592, 42.944999999999915], "pi_len": 1024, "pi_half_amp": 0.0808466802771756, "pi_amp": 0.1616933605543512, "gauss_len": 1024, "gauss_amp": 700, "rr_LO": 6704574999.999997, "rr_freq": 6474900000.0, "rr_IF": 50000000.0, "rr_mixer_offsets": [0.0005035400390625, 0.008285522460937498], "rr_mixer_imbalance": [1, 0], "amp_r": 0.2, "rr_atten": 24, "rr_resettime": 5e-07, "cav_resp_time": 1e-06, "T1": 5e-05, "T2R": 2e-05, "T2E": 3e-05, "IQ_rotation": 3, "analog_input_offsets": [0, 0], "readout_length": 5e-06, "qubit_reset_time": 0.0004, "qu_IF": -100000000.0, "threshold": 877.9550091279608}