{"qb_LO": 3827500000.0, "qb_freq": 3877500000.0, "qb_IF": 50000000.0, "qb_mixer_offsets": [-0.005154811869734437, 0.008998263301937103], "qb_mixer_imbalance": [-0.03898126766351677, 1.809111510162307], "pi_len": 304, "pi_half_amp": 0.1959660512248101, "pi_amp": 0.38, "gauss_len": 304, "gauss_amp": 700, "rr_LO": 6704549999.999997, "rr_freq": 6474900000.0, "rr_IF": 50000000.0, "rr_mixer_offsets": [-0.0004563317343666419, 0.008476238810452064], "rr_mixer_imbalance": [1, 0], "amp_r": 0.2, "rr_atten": 24, "rr_resettime": 5e-07, "cav_resp_time": 1e-06, "T1": 5e-05, "T2R": 2e-05, "T2E": 3e-05, "IQ_rotation": 45, "analog_input_offsets": [0, 0], "readout_length": 5e-06, "qubit_reset_time": 0.00025}