{"qb_LO": 3827491000.0, "qb_freq": 3877491000.0, "qb_IF": 50000000.0, "qb_mixer_offsets": [-0.0051931466719762655, 0.008775223302281001], "qb_mixer_imbalance": [-0.040084694557073426, 1.8110176245870302], "pi_len": 304, "pi_half_amp": 0.19323015207340655, "pi_amp": 0.3864603041468131, "gauss_len": 304, "gauss_amp": 700, "rr_LO": 6704549999.999997, "rr_freq": 6474900000.0, "rr_IF": 50000000.0, "rr_mixer_offsets": [-0.0004838111759126952, 0.008572974194624328], "rr_mixer_imbalance": [1, 0], "amp_r": 0.2, "rr_atten": 24, "rr_resettime": 5e-07, "cav_resp_time": 1e-06, "T1": 5e-05, "T2R": 2e-05, "T2E": 3e-05, "IQ_rotation": 45, "analog_input_offsets": [0, 0], "readout_length": 5e-06, "qubit_reset_time": 0.00025}