{"qb_LO": 3832600000.0, "qb_freq": 3880600000.0, "qb_IF": 48000000.0, "qb_mixer_offsets": [-0.0037463801831007053, 0.009444884870946408], "qb_mixer_imbalance": [-0.09822649999999977, 2.929999999999997], "pi_len": 304, "pi_half_amp": 0.20666821302116065, "pi_amp": 0.4133364260423213, "gauss_len": 304, "gauss_amp": 700, "rr_LO": 6704599999.999997, "rr_freq": 6474900000.0, "rr_IF": 50000000.0, "rr_mixer_offsets": [-0.0004865234374999954, 0.00855595703125], "rr_mixer_imbalance": [1, 0], "amp_r": 0.2, "rr_atten": 22, "rr_resettime": 5e-07, "cav_resp_time": 7.5e-07, "T1": 5e-05, "T2R": 2e-05, "T2E": 3e-05, "IQ_rotation": 0.0, "analog_input_offsets": [0, 0], "readout_length": 5e-06}