{"qb_LO": 3827496000.0, "qb_freq": 3877496000.0, "qb_IF": 50000000.0, "qb_mixer_offsets": [0.0031751351103186613, 0.0005947022190317512], "qb_mixer_imbalance": [-0.08915799999999897, 2.5420000000000016], "pi_len": 304, "pi_half_amp": 0.21232075211895662, "pi_amp": 0.42464150423791325, "gauss_len": 304, "gauss_amp": 700, "rr_LO": 6704649999.999997, "rr_freq": 6474900000.0, "rr_IF": 50000000.0, "rr_mixer_offsets": [-0.0005493164062499996, 0.008565087890624996], "rr_mixer_imbalance": [1, 0], "amp_r": 0.2, "rr_atten": 24, "rr_resettime": 5e-07, "cav_resp_time": 1e-06, "T1": 5e-05, "T2R": 2e-05, "T2E": 3e-05, "IQ_rotation": 90, "analog_input_offsets": [0, 0], "readout_length": 5e-06, "qubit_reset_time": 0.0004}