{"qb_LO": 3827538000.0, "qb_freq": 3877538000.0, "qb_IF": 50000000.0, "qb_mixer_offsets": [0.003194824074953795, 0.0004904274784261358], "qb_mixer_imbalance": [-0.0871644999999988, 2.585500000000008], "pi_len": 416, "pi_half_amp": 0.14564435273847076, "pi_amp": 0.2912887054769415, "gauss_len": 416, "gauss_amp": 700, "rr_LO": 6704649999.999997, "rr_freq": 6474900000.0, "rr_IF": 50000000.0, "rr_mixer_offsets": [-0.0005324218749999995, 0.008560180664062498], "rr_mixer_imbalance": [1, 0], "amp_r": 0.2, "rr_atten": 24, "rr_resettime": 5e-07, "cav_resp_time": 1e-06, "T1": 5e-05, "T2R": 2e-05, "T2E": 3e-05, "IQ_rotation": 90, "analog_input_offsets": [0, 0], "readout_length": 5e-06, "qubit_reset_time": 0.0004}