{"qb_LO": 3827500000.0, "qb_freq": 3877500000.0, "qb_IF": 50000000.0, "qb_mixer_offsets": [-0.005086937126903485, 0.009232860116353003], "qb_mixer_imbalance": [-0.04001280286172525, 2.347737073362798], "pi_len": 304, "pi_half_amp": 0.19287103863410368, "pi_amp": 0.38574207726820736, "gauss_len": 304, "gauss_amp": 700, "rr_LO": 6704549999.999997, "rr_freq": 6474900000.0, "rr_IF": 50000000.0, "rr_mixer_offsets": [-0.00045312074678083536, 0.008466604369867554], "rr_mixer_imbalance": [1, 0], "amp_r": 0.2, "rr_atten": 24, "rr_resettime": 5e-07, "cav_resp_time": 1e-06, "T1": 5e-05, "T2R": 2e-05, "T2E": 3e-05, "IQ_rotation": 45, "analog_input_offsets": [0, 0], "readout_length": 5e-06, "qubit_reset_time": 0.00025}