{"qb_LO": 3829000000.0, "qb_freq": 3879610000.0, "qb_IF": 50610000.0, "qb_mixer_offsets": [-0.005950270220637318, 0.009947022423148155], "qb_mixer_imbalance": [-0.04816149999999973, 1.0799999999999967], "pi_len": 352, "pi_half_amp": 0.24957572343904597, "pi_amp": 0.49915144687809193, "gauss_len": 352, "gauss_amp": 700, "rr_LO": 6704340000.0, "rr_freq": 6474900000.0, "rr_IF": 0, "rr_mixer_offsets": [0.001922607421875, 0.009246826171875], "rr_mixer_imbalance": [1, 0], "amp_r": 0.2, "rr_atten": 25, "rr_resettime": 5e-07, "cav_resp_time": 5e-07, "T1": 5e-05, "T2R": 2e-05, "T2E": 3e-05, "IQ_rotation": 0.0, "analog_input_offsets": [0, 0], "readout_length": 5e-06}