{"qb_LO": 6779000000.0, "qb_freq": 3879610000.0, "qb_IF": 50610000.0, "qb_mixer_offsets": [0.005769959185272455, 0.007053343113511801], "qb_mixer_imbalance": [-0.04817149999999973, 0.9799999999999967], "pi_len": 352, "pi_half_amp": 0.24957572343904597, "pi_amp": 0.49915144687809193, "gauss_len": 352, "gauss_amp": 700, "rr_LO": 6704649999.999997, "rr_freq": 6474900000.0, "rr_IF": 50000000.0, "rr_mixer_offsets": [-0.004007080078125, -0.0200675048828125], "rr_mixer_imbalance": [1, 0], "amp_r": 0.2, "rr_atten": 25, "rr_resettime": 5e-07, "cav_resp_time": 7.5e-07, "T1": 5e-05, "T2R": 2e-05, "T2E": 3e-05, "IQ_rotation": 0.0, "analog_input_offsets": [0, 0], "readout_length": 5e-06}