{"qb_LO": 3832600000.0, "qb_freq": 3880600000.0, "qb_IF": 46330000.0, "qb_mixer_offsets": [-0.004016846968978648, 0.009173602712154389], "qb_mixer_imbalance": [-0.03824649999999978, 1.2299999999999969], "pi_len": 304, "pi_half_amp": 0.2044706531207187, "pi_amp": 0.4089413062414374, "gauss_len": 304, "gauss_amp": 700, "rr_LO": 6704549999.999997, "rr_freq": 6474900000.0, "rr_IF": 50000000.0, "rr_mixer_offsets": [-0.003645092773437504, 0.011418627929687503], "rr_mixer_imbalance": [1, 0], "amp_r": 0.2, "rr_atten": 22, "rr_resettime": 5e-07, "cav_resp_time": 7.5e-07, "T1": 5e-05, "T2R": 2e-05, "T2E": 3e-05, "IQ_rotation": 70, "analog_input_offsets": [0, 0], "readout_length": 5e-06, "qubit_reset_time": 0.0002}